Tempo Movimento SUB 1;Tempo Movimento SUB 2;Asincronia Tempo Movimento;Start SUB1;Start SUB2;Asincronia Start;Stop SUB 1;Stop SUB 2;Asincronia Grasp;Tocco Effettivo SUB1;Tocco Effettivo SUB2;numero di trials;Sub-conditions;Tocco Atteso SUB1;Tocco Atteso SUB2;Accuratezza SUB1;Accuratezza SUB2;Accuratezza Coppia;Participant;Session;Condition;triggers;Trial Start (clock time);Trial Stop (clock time)
805;842;37;528;384;144;1391;1282;109;2;2;1;giu-giu;2;2;1;1;1;80;1;CUED/SAME;6;16:27:55.709;16:27:58.536
775;974;199;432;256;176;1247;1311;64;1;1;2;su-su;1;1;1;1;1;80;1;CUED/SAME;6;16:28:03.114;16:28:05.820
851;1012;161;144;0;144;1039;1103;64;2;2;3;giu-giu;2;2;1;1;1;80;1;CUED/SAME;6;16:28:34.229;16:28:37.093
1123;1153;30;33;145;112;1219;1360;141;1;1;4;su-su;1;1;1;1;1;80;1;CUED/SAME;6;16:28:46.805;16:28:49.892
893;1032;139;22;0;22;965;902;63;1;1;5;su-su;1;1;1;1;1;80;1;CUED/SAME;6;16:28:55.484;16:28:58.287
928;947;19;50;0;50;1026;962;64;2;2;6;giu-giu;2;2;1;1;1;80;1;CUED/SAME;6;16:29:06.957;16:29:09.721
2668;2642;26;682;697;15;3431;3366;65;2;2;7;giu-giu;2;2;1;1;1;80;1;CUED/SAME;6;16:29:36.033;16:29:40.958
2080;2024;56;478;526;48;2621;2572;49;2;2;8;giu-giu;2;2;1;1;1;80;1;CUED/SAME;6;16:29:54.201;16:29:58.295
10;11;1;0;0;0;1777;1841;64;1;1;9;su-su;1;1;1;1;1;80;1;CUED/SAME;6;16:30:06.951;16:30:10.653
10;9;1;0;0;0;1183;1247;64;1;1;10;su-su;1;1;1;1;1;80;1;CUED/SAME;6;16:30:16.941;16:30:20.020
