Tempo Movimento SUB 1,Tempo Movimento SUB 2,Asincronia Tempo Movimento,Start SUB1,Start SUB2,Asincronia Start,Stop SUB 1,Stop SUB 2,Asincronia Grasp,Tocco Effettivo SUB1,Tocco Effettivo SUB2,numero di trials,Sub-conditions,Tocco Atteso SUB1,Tocco Atteso SUB2,Accuratezza SUB1,Accuratezza SUB2,Accuratezza Coppia,Participant,Session,Condition,triggers,Trial Start (clock time),Trial Stop (clock time)
994,1080,86,41,265,224,1083,1416,333,2,2,1,giu-ugua,2,,1,0,0,80,1,LEAD1/SAME,4,15:59:00.820,15:59:04.047
1196,874,322,77,221,144,1308,1166,142,2,2,2,giu-ugua,2,,1,0,0,80,1,LEAD1/SAME,4,15:59:09.520,15:59:12.552
1009,1042,33,560,672,112,1633,1775,142,1,2,3,su-oppo,1,,1,0,0,80,1,LEAD1/SAME,4,15:59:16.630,15:59:19.804
1414,1446,32,302,462,160,1760,1965,205,1,2,4,su-oppo,1,,1,0,0,80,1,LEAD1/SAME,4,15:59:25.145,15:59:28.532
988,1222,234,527,703,176,1568,1981,413,2,2,5,giu-ugua,2,,1,0,0,80,1,LEAD1/SAME,4,15:59:54.451,15:59:57.883
1155,996,159,359,695,336,1560,1750,190,1,2,6,su-oppo,1,,1,0,0,80,1,LEAD1/SAME,4,16:00:02.011,16:00:05.221
1114,898,216,423,726,303,1606,1669,63,2,2,7,giu-ugua,2,,1,0,0,80,1,LEAD1/SAME,4,16:00:09.343,16:00:12.483
1179,918,261,102,214,112,1317,1191,126,2,2,8,giu-ugua,2,,1,0,0,80,1,LEAD1/SAME,4,16:00:17.892,16:00:20.951
948,816,132,347,586,239,1340,1449,109,1,2,9,su-oppo,1,,1,0,0,80,1,LEAD1/SAME,4,16:00:24.351,16:00:27.313
954,963,9,333,525,192,1342,1548,206,1,2,10,su-oppo,1,,1,0,0,80,1,LEAD1/SAME,4,16:00:32.376,16:00:35.450
